{
    "numberOfPerceptrons": 3,
    "numberOfInputs": 4,
    "numberOfOutputs": 3,
    "bias": 1,
    "weights": [
        0.7527960521000109,
        0.9795025819765355,
        0.4600456550432054,
        0.848977427056621,
        0.4911598766062816,
        0.8036422081120134,
        0.015083089216144652,
        0.2174131199857895,
        0.11687551282936304,
        0.5553330186802792,
        0.08260624746513479,
        0.7432077973871123,
        0.23908059175011653,
        0.32461684635642873,
        0.5492941944062486
    ]
}