{
    "numberOfPerceptrons": 3,
    "numberOfInputs": 4,
    "numberOfOutputs": 3,
    "bias": 1,
    "weights": [
        1.3752401575571722,
        2.8398720331244762,
        -2.6338125266793497,
        -0.612734197198087,
        0.8684458038772065,
        1.4522495718293238,
        0.14008867439016265,
        0.12186877257954995,
        -0.8109198903969531,
        1.3558357736456883,
        -1.1884452217093397,
        -1.242167238934842,
        3.4284831208789015,
        2.7141238738374573,
        -0.6284944878300821
    ]
}