{
    "numberOfPerceptrons": 3,
    "numberOfInputs": 4,
    "numberOfOutputs": 3,
    "bias": 1,
    "weights": [
        0.44934651684997196,
        0.14675066876229315,
        0.7327135900362931,
        0.5801796196956189,
        0.7380871698190492,
        0.39598136441573595,
        0.5437529724064528,
        0.2922507237899835,
        0.07782434216963585,
        0.6010089501432752,
        0.08189039003031262,
        0.03198478511012037,
        0.6598341272541787,
        0.45498581590920495,
        0.37199783114490637
    ]
}