{
    "numberOfPerceptrons": 3,
    "numberOfInputs": 4,
    "numberOfOutputs": 3,
    "bias": 1,
    "weights": [
        1.2780755144138707,
        2.3492620723111495,
        -2.4303482453091267,
        -0.9231834686659722,
        1.1679414820298986,
        0.9475341720829188,
        0.3285059889903543,
        0.5120902400331895,
        -1.1384281407519963,
        1.224124691264826,
        -1.2983914152007763,
        -1.955279635022626,
        3.6030564463564048,
        3.1746013871924337,
        -0.6809722221874775
    ]
}
